image_names,emergency_or_not,vehicle_type
1503.jpg,0,sports_car
1420.jpg,0,convertible
1764.jpg,0,sports_car
1356.jpg,0,beach_wagon
1117.jpg,0,limousine
45.jpg,1,police_van
2313.jpg,0,racer
1657.jpg,0,limousine
294.jpg,1,trailer_truck
999.jpg,0,pickup
588.jpg,1,police_van
1912.jpg,0,convertible
736.jpg,1,ambulance
1106.jpg,0,minivan
1939.jpg,0,convertible
1833.jpg,0,limousine
436.jpg,1,fire_engine
741.jpg,1,ambulance
2133.jpg,0,racer
393.jpg,1,minivan
907.jpg,1,cab
534.jpg,1,snowplow
30.jpg,1,ambulance
1994.jpg,0,beach_wagon
1526.jpg,0,convertible
1114.jpg,0,limousine
1176.jpg,0,beach_wagon
1304.jpg,0,convertible
1972.jpg,0,beach_wagon
2084.jpg,0,limousine
1231.jpg,0,sports_car
1336.jpg,0,limousine
2110.jpg,0,pickup
344.jpg,1,ambulance
556.jpg,1,police_van
1242.jpg,0,beach_wagon
680.jpg,1,police_van
744.jpg,1,fire_engine
1071.jpg,0,Model_T
352.jpg,1,fire_engine
91.jpg,1,racer
1058.jpg,0,minivan
1914.jpg,0,sports_car
1957.jpg,0,guillotine
1091.jpg,0,jeep
261.jpg,1,fire_engine
1742.jpg,0,sports_car
748.jpg,1,police_van
755.jpg,1,police_van
764.jpg,1,fire_engine
567.jpg,1,ambulance
1915.jpg,0,convertible
1658.jpg,0,pickup
1871.jpg,0,limousine
913.jpg,1,fire_engine
2141.jpg,0,minivan
1619.jpg,0,sports_car
300.jpg,1,cab
1590.jpg,0,sports_car
2042.jpg,0,minivan
1090.jpg,0,minivan
1763.jpg,0,sports_car
315.jpg,1,police_van
1840.jpg,0,beach_wagon
453.jpg,1,car_wheel
601.jpg,1,police_van
175.jpg,1,ambulance
1387.jpg,0,limousine
1133.jpg,0,beach_wagon
37.jpg,1,fire_engine
123.jpg,1,crane
1234.jpg,0,pickup
394.jpg,1,police_van
1775.jpg,0,beach_wagon
2217.jpg,0,beach_wagon
39.jpg,1,fire_engine
462.jpg,1,police_van
1989.jpg,0,minivan
2075.jpg,0,sports_car
331.jpg,1,jeep
1546.jpg,0,minivan
194.jpg,1,cab
2211.jpg,0,convertible
2236.jpg,0,minivan
634.jpg,1,garbage_truck
322.jpg,1,ambulance
1870.jpg,0,minivan
266.jpg,1,fire_engine
1057.jpg,0,minivan
1934.jpg,0,racer
579.jpg,1,police_van
1337.jpg,0,convertible
1674.jpg,0,convertible
2001.jpg,0,minivan
1971.jpg,0,beach_wagon
891.jpg,1,fire_engine
1909.jpg,0,sports_car
2249.jpg,0,limousine
1518.jpg,0,pole
1298.jpg,0,garbage_truck
1258.jpg,0,sports_car
1378.jpg,0,minivan
2268.jpg,0,beach_wagon
1067.jpg,0,beach_wagon
572.jpg,1,police_van
942.jpg,1,police_van
2057.jpg,0,beach_wagon
2132.jpg,0,limousine
2327.jpg,0,beach_wagon
1691.jpg,0,convertible
941.jpg,1,police_van
962.jpg,1,police_van
53.jpg,1,police_van
772.jpg,1,minibus
1272.jpg,0,limousine
2019.jpg,0,sports_car
1347.jpg,0,sports_car
505.jpg,1,jeep
752.jpg,1,fire_engine
1613.jpg,0,beach_wagon
1710.jpg,0,pickup
2220.jpg,0,minivan
1468.jpg,0,grille
2017.jpg,0,sports_car
365.jpg,1,police_van
1641.jpg,0,convertible
1386.jpg,0,pickup
309.jpg,1,racer
1926.jpg,0,convertible
2171.jpg,0,sports_car
583.jpg,1,fire_engine
1669.jpg,0,tow_truck
771.jpg,1,fire_engine
2200.jpg,0,convertible
1866.jpg,0,beach_wagon
152.jpg,1,jeep
2104.jpg,0,grille
1829.jpg,0,pickup
1041.jpg,0,beach_wagon
856.jpg,1,racer
1727.jpg,0,limousine
318.jpg,1,limousine
1372.jpg,0,jeep
1286.jpg,0,limousine
974.jpg,1,police_van
1903.jpg,0,minivan
1623.jpg,0,convertible
1283.jpg,0,pickup
1916.jpg,0,pickup
1355.jpg,0,minivan
343.jpg,1,racer
994.jpg,0,convertible
398.jpg,1,fire_engine
584.jpg,1,jeep
704.jpg,1,streetcar
1941.jpg,0,cab
1299.jpg,0,convertible
292.jpg,1,fireboat
1620.jpg,0,convertible
1259.jpg,0,limousine
1161.jpg,0,sports_car
1544.jpg,0,minivan
141.jpg,1,fire_engine
1159.jpg,0,beach_wagon
2.jpg,1,garbage_truck
1175.jpg,0,beach_wagon
576.jpg,1,sports_car
1563.jpg,0,convertible
339.jpg,1,racer
358.jpg,1,minivan
265.jpg,1,police_van
376.jpg,1,police_van
1471.jpg,0,minivan
2016.jpg,0,minivan
439.jpg,1,jeep
271.jpg,1,fire_engine
1956.jpg,0,minivan
1812.jpg,0,minivan
244.jpg,1,fire_engine
985.jpg,1,fire_engine
940.jpg,1,tobacco_shop
1043.jpg,0,cab
1124.jpg,0,limousine
993.jpg,0,convertible
1800.jpg,0,beach_wagon
902.jpg,1,fire_engine
607.jpg,1,police_van
415.jpg,1,cab
273.jpg,1,streetcar
1449.jpg,0,beach_wagon
780.jpg,1,ambulance
1135.jpg,0,pickup
250.jpg,1,fire_engine
413.jpg,1,police_van
2213.jpg,0,beach_wagon
1765.jpg,0,beach_wagon
2212.jpg,0,sports_car
310.jpg,1,police_van
1023.jpg,0,jeep
893.jpg,1,ambulance
1005.jpg,0,beach_wagon
425.jpg,1,trailer_truck
2280.jpg,0,racer
2102.jpg,0,convertible
2125.jpg,0,limousine
721.jpg,1,fire_engine
1825.jpg,0,minivan
348.jpg,1,police_van
1394.jpg,0,grille
988.jpg,1,ambulance
1228.jpg,0,sports_car
526.jpg,1,police_van
1010.jpg,0,pickup
363.jpg,1,police_van
182.jpg,1,limousine
170.jpg,1,police_van
1073.jpg,0,limousine
1225.jpg,0,beach_wagon
1036.jpg,0,grille
812.jpg,1,ambulance
187.jpg,1,forklift
619.jpg,1,ambulance
151.jpg,1,tow_truck
158.jpg,1,police_van
1083.jpg,0,beach_wagon
272.jpg,1,cab
614.jpg,1,jeep
489.jpg,1,police_van
1134.jpg,0,racer
2170.jpg,0,minivan
1788.jpg,0,cab
371.jpg,1,fire_engine
222.jpg,1,police_van
593.jpg,1,fire_engine
476.jpg,1,ambulance
978.jpg,1,fire_engine
1612.jpg,0,minivan
1689.jpg,0,viaduct
839.jpg,1,jeep
687.jpg,1,police_van
1442.jpg,0,cassette_player
136.jpg,1,fire_engine
518.jpg,1,ambulance
628.jpg,1,racer
334.jpg,1,garbage_truck
781.jpg,1,police_van
1289.jpg,0,police_van
1572.jpg,0,sports_car
1844.jpg,0,pickup
1044.jpg,0,convertible
2184.jpg,0,racer
1560.jpg,0,minivan
710.jpg,1,ambulance
15.jpg,1,ambulance
1975.jpg,0,limousine
287.jpg,1,cab
1973.jpg,0,beach_wagon
2079.jpg,0,pickup
1862.jpg,0,sports_car
2163.jpg,0,minivan
1221.jpg,0,beach_wagon
570.jpg,1,half_track
654.jpg,1,ambulance
1056.jpg,0,beach_wagon
1309.jpg,0,limousine
465.jpg,1,fire_engine
1656.jpg,0,beach_wagon
199.jpg,1,ambulance
1317.jpg,0,jeep
2325.jpg,0,minivan
1622.jpg,0,pickup
1666.jpg,0,beach_wagon
1880.jpg,0,limousine
2120.jpg,0,beach_wagon
1210.jpg,0,pickup
1877.jpg,0,sports_car
1755.jpg,0,pickup
1628.jpg,0,sports_car
591.jpg,1,cab
1332.jpg,0,grille
1887.jpg,0,limousine
1104.jpg,0,limousine
1911.jpg,0,convertible
1116.jpg,0,sports_car
2172.jpg,0,minibus
1113.jpg,0,sports_car
1018.jpg,0,beach_wagon
1901.jpg,0,limousine
816.jpg,1,fire_engine
1193.jpg,0,minivan
43.jpg,1,limousine
1404.jpg,0,sports_car
274.jpg,1,fire_engine
2342.jpg,0,sports_car
865.jpg,1,ambulance
101.jpg,1,police_van
1285.jpg,0,convertible
1165.jpg,0,sports_car
1342.jpg,0,moving_van
107.jpg,1,beach_wagon
1383.jpg,0,sports_car
497.jpg,1,jeep
2340.jpg,0,beach_wagon
802.jpg,1,moving_van
2185.jpg,0,cab
1189.jpg,0,pickup
1480.jpg,0,pickup
2218.jpg,0,beach_wagon
1194.jpg,0,beach_wagon
2204.jpg,0,cab
1746.jpg,0,racer
2196.jpg,0,sports_car
2095.jpg,0,beach_wagon
1307.jpg,0,jeep
712.jpg,1,fire_engine
72.jpg,1,ambulance
500.jpg,1,fire_engine
1632.jpg,0,minivan
1573.jpg,0,racer
2263.jpg,0,convertible
481.jpg,1,police_van
1447.jpg,0,minibus
1913.jpg,0,beach_wagon
1778.jpg,0,sports_car
1322.jpg,0,sports_car
405.jpg,1,trolleybus
757.jpg,1,jeep
1190.jpg,0,car_mirror
1448.jpg,0,pickup
2108.jpg,0,minivan
1543.jpg,0,pickup
743.jpg,1,fire_engine
806.jpg,1,police_van
2173.jpg,0,cab
1660.jpg,0,beach_wagon
1251.jpg,0,sports_car
148.jpg,1,jeep
1075.jpg,0,convertible
1770.jpg,0,minivan
692.jpg,1,limousine
818.jpg,1,limousine
1850.jpg,0,convertible
2209.jpg,0,limousine
1494.jpg,0,beach_wagon
701.jpg,1,police_van
2083.jpg,0,convertible
921.jpg,1,ambulance
905.jpg,1,fire_engine
1815.jpg,0,sports_car
2350.jpg,0,racer
1566.jpg,0,convertible
1226.jpg,0,limousine
167.jpg,1,jeep
730.jpg,1,sports_car
1374.jpg,0,pickup
26.jpg,1,police_van
1173.jpg,0,racer
2149.jpg,0,convertible
997.jpg,0,convertible
1040.jpg,0,limousine
1410.jpg,0,convertible
1575.jpg,0,pickup
1652.jpg,0,car_wheel
41.jpg,1,trailer_truck
1171.jpg,0,beach_wagon
2304.jpg,0,sports_car
1200.jpg,0,jeep
1477.jpg,0,convertible
609.jpg,1,fire_engine
2077.jpg,0,beach_wagon
1922.jpg,0,minivan
1181.jpg,0,limousine
1375.jpg,0,limousine
493.jpg,1,police_van
236.jpg,1,fire_engine
551.jpg,1,police_van
520.jpg,1,tow_truck
1836.jpg,0,convertible
720.jpg,1,jeep
1754.jpg,0,minivan
2080.jpg,0,sports_car
58.jpg,1,ambulance
631.jpg,1,limousine
1429.jpg,0,sports_car
592.jpg,1,racer
2048.jpg,0,pickup
939.jpg,1,ambulance
2026.jpg,0,pickup
904.jpg,1,minibus
2187.jpg,0,beach_wagon
2258.jpg,0,racer
1401.jpg,0,racer
1241.jpg,0,convertible
1675.jpg,0,minivan
706.jpg,1,ambulance
1022.jpg,0,minivan
745.jpg,1,fire_engine
2105.jpg,0,car_wheel
1245.jpg,0,convertible
513.jpg,1,police_van
81.jpg,1,police_van
2087.jpg,0,limousine
914.jpg,1,tow_truck
2166.jpg,0,minivan
2237.jpg,0,racer
150.jpg,1,cassette_player
774.jpg,1,ambulance
329.jpg,1,minivan
6.jpg,1,police_van
943.jpg,1,garbage_truck
1808.jpg,0,convertible
1813.jpg,0,pickup
909.jpg,1,police_van
468.jpg,1,ambulance
181.jpg,1,racer
164.jpg,1,fire_engine
451.jpg,1,ambulance
490.jpg,1,racer
1869.jpg,0,minivan
2307.jpg,0,minibus
1111.jpg,0,sports_car
1845.jpg,0,minivan
1427.jpg,0,racer
1493.jpg,0,cab
1290.jpg,0,limousine
1509.jpg,0,minivan
1565.jpg,0,beach_wagon
327.jpg,1,police_van
442.jpg,1,police_van
1752.jpg,0,minivan
1508.jpg,0,recreational_vehicle
832.jpg,1,police_van
2161.jpg,0,sports_car
1514.jpg,0,limousine
86.jpg,1,fire_engine
2296.jpg,0,pickup
777.jpg,1,fire_engine
1402.jpg,0,racer
54.jpg,1,garbage_truck
1642.jpg,0,tow_truck
1467.jpg,0,pickup
1370.jpg,0,jeep
113.jpg,1,police_van
2203.jpg,0,pickup
987.jpg,1,jeep
1650.jpg,0,jeep
1368.jpg,0,convertible
1009.jpg,0,minivan
589.jpg,1,fire_engine
1920.jpg,0,minivan
17.jpg,1,fire_engine
2050.jpg,0,limousine
285.jpg,1,police_van
428.jpg,1,minivan
1185.jpg,0,car_wheel
669.jpg,1,racer
31.jpg,1,ambulance
722.jpg,1,limousine
951.jpg,1,police_van
1539.jpg,0,pickup
214.jpg,1,cab
1562.jpg,0,grille
1164.jpg,0,limousine
326.jpg,1,sports_car
560.jpg,1,limousine
1086.jpg,0,minivan
1601.jpg,0,jeep
341.jpg,1,police_van
147.jpg,1,fire_engine
1610.jpg,0,beach_wagon
1107.jpg,0,sports_car
1879.jpg,0,beach_wagon
966.jpg,1,snowplow
1072.jpg,0,pickup
155.jpg,1,cab
1446.jpg,0,racer
1505.jpg,0,sports_car
2031.jpg,0,convertible
1614.jpg,0,minivan
1889.jpg,0,joystick
1898.jpg,0,minivan
2081.jpg,0,minivan
2316.jpg,0,limousine
1419.jpg,0,jeep
2207.jpg,0,minibus
1561.jpg,0,tow_truck
1739.jpg,0,minivan
2112.jpg,0,minivan
938.jpg,1,fire_engine
2114.jpg,0,beach_wagon
346.jpg,1,beach_wagon
1872.jpg,0,grille
2328.jpg,0,minivan
385.jpg,1,police_van
1376.jpg,0,grille
1422.jpg,0,minivan
243.jpg,1,moving_van
1302.jpg,0,beach_wagon
936.jpg,1,ambulance
1992.jpg,0,jeep
312.jpg,1,police_van
2295.jpg,0,minivan
1684.jpg,0,beach_wagon
968.jpg,1,tank
660.jpg,1,garbage_truck
2011.jpg,0,sports_car
370.jpg,1,minibus
566.jpg,1,garbage_truck
1837.jpg,0,convertible
824.jpg,1,trailer_truck
982.jpg,1,ambulance
1738.jpg,0,minivan
1677.jpg,0,pickup
813.jpg,1,fire_engine
778.jpg,1,fire_engine
1052.jpg,0,pickup
2302.jpg,0,minivan
1013.jpg,0,pickup
1490.jpg,0,pickup
1846.jpg,0,racer
2319.jpg,0,suit
126.jpg,1,police_van
887.jpg,1,police_van
1784.jpg,0,sports_car
1007.jpg,0,minivan
355.jpg,1,tow_truck
2024.jpg,0,sports_car
682.jpg,1,minivan
827.jpg,1,jeep
1859.jpg,0,convertible
984.jpg,1,police_van
1233.jpg,0,minivan
1948.jpg,0,jeep
140.jpg,1,ambulance
1943.jpg,0,minivan
1839.jpg,0,golfcart
1437.jpg,0,convertible
2090.jpg,0,pickup
1592.jpg,0,pickup
2320.jpg,0,sports_car
1933.jpg,0,sports_car
711.jpg,1,fire_engine
1157.jpg,0,beach_wagon
1462.jpg,0,half_track
871.jpg,1,jeep
10.jpg,1,garbage_truck
1517.jpg,0,beach_wagon
1476.jpg,0,missile
754.jpg,1,pickup
626.jpg,1,limousine
1506.jpg,0,sports_car
129.jpg,1,fire_engine
843.jpg,1,jeep
323.jpg,1,trailer_truck
1731.jpg,0,beach_wagon
1618.jpg,0,mobile_home
2279.jpg,0,beach_wagon
14.jpg,1,beach_wagon
1801.jpg,0,minivan
215.jpg,1,fire_engine
1412.jpg,0,beach_wagon
1699.jpg,0,sports_car
1182.jpg,0,minivan
1435.jpg,0,pickup
1361.jpg,0,beach_wagon
864.jpg,1,police_van
516.jpg,1,police_van
597.jpg,1,ambulance
195.jpg,1,racer
288.jpg,1,cab
950.jpg,1,police_van
1596.jpg,0,minibus
1896.jpg,0,pickup
1120.jpg,0,beach_wagon
549.jpg,1,police_van
156.jpg,1,police_van
419.jpg,1,fire_engine
922.jpg,1,jeep
2106.jpg,0,convertible
477.jpg,1,police_van
1433.jpg,0,sports_car
553.jpg,1,police_van
1202.jpg,0,beach_wagon
390.jpg,1,fire_engine
578.jpg,1,ambulance
2177.jpg,0,pickup
1486.jpg,0,beach_wagon
2341.jpg,0,sports_car
820.jpg,1,fire_engine
2251.jpg,0,minivan
1006.jpg,0,limousine
1248.jpg,0,convertible
1421.jpg,0,sports_car
664.jpg,1,tow_truck
2028.jpg,0,pickup
142.jpg,1,fire_engine
2044.jpg,0,convertible
2231.jpg,0,sports_car
421.jpg,1,fire_engine
799.jpg,1,fire_engine
615.jpg,1,ambulance
295.jpg,1,racer
401.jpg,1,ambulance
88.jpg,1,police_van
1790.jpg,0,racer
2314.jpg,0,jeep
131.jpg,1,tow_truck
1995.jpg,0,pickup
2321.jpg,0,minivan
1999.jpg,0,minivan
2022.jpg,0,minivan
1935.jpg,0,jeep
724.jpg,1,fire_engine
1314.jpg,0,pickup
1769.jpg,0,minivan
269.jpg,1,fire_engine
2165.jpg,0,beach_wagon
1832.jpg,0,minivan
917.jpg,1,fire_engine
1319.jpg,0,jeep
2150.jpg,0,racer
1777.jpg,0,tow_truck
1389.jpg,0,minivan
375.jpg,1,police_van
333.jpg,1,fire_engine
1564.jpg,0,beach_wagon
2210.jpg,0,minivan
1118.jpg,0,limousine
910.jpg,1,gas_pump
776.jpg,1,police_van
1753.jpg,0,convertible
328.jpg,1,police_van
320.jpg,1,fire_engine
1766.jpg,0,minivan
12.jpg,1,ambulance
897.jpg,1,ambulance
171.jpg,1,ambulance
260.jpg,1,police_van
1921.jpg,0,sports_car
1905.jpg,0,beach_wagon
901.jpg,1,police_van
258.jpg,1,ambulance
844.jpg,1,jeep
138.jpg,1,moving_van
319.jpg,1,cab
653.jpg,1,analog_clock
1659.jpg,0,racer
1586.jpg,0,tow_truck
558.jpg,1,cab
139.jpg,1,police_van
112.jpg,1,beach_wagon
531.jpg,1,ambulance
224.jpg,1,police_van
723.jpg,1,jeep
2183.jpg,0,convertible
1977.jpg,0,minivan
325.jpg,1,fire_engine
1323.jpg,0,racer
1700.jpg,0,tow_truck
2046.jpg,0,minivan
714.jpg,1,sports_car
846.jpg,1,fire_engine
193.jpg,1,ambulance
573.jpg,1,trailer_truck
946.jpg,1,police_van
503.jpg,1,tow_truck
1580.jpg,0,sports_car
1569.jpg,0,limousine
645.jpg,1,police_van
3.jpg,1,fire_engine
1551.jpg,0,half_track
467.jpg,1,police_van
1345.jpg,0,limousine
5.jpg,1,fire_engine
1786.jpg,0,minivan
1991.jpg,0,sports_car
547.jpg,1,fire_engine
228.jpg,1,racer
1063.jpg,0,minivan
542.jpg,1,minivan
242.jpg,1,mobile_home
898.jpg,1,fire_engine
1809.jpg,0,limousine
1160.jpg,0,minivan
2124.jpg,0,minivan
1582.jpg,0,pickup
842.jpg,1,fire_engine
2015.jpg,0,pickup
1917.jpg,0,convertible
1559.jpg,0,convertible
276.jpg,1,cab
661.jpg,1,jeep
1937.jpg,0,pickup
1626.jpg,0,sports_car
314.jpg,1,cab
1343.jpg,0,beach_wagon
1615.jpg,0,half_track
691.jpg,1,ambulance
2029.jpg,0,garbage_truck
424.jpg,1,fire_engine
594.jpg,1,ambulance
2329.jpg,0,minivan
1711.jpg,0,convertible
622.jpg,1,police_van
1578.jpg,0,minivan
1413.jpg,0,convertible
227.jpg,1,fire_engine
1510.jpg,0,minivan
1169.jpg,0,racer
1792.jpg,0,minivan
1483.jpg,0,minivan
66.jpg,1,garbage_truck
1855.jpg,0,minivan
24.jpg,1,ambulance
1235.jpg,0,beach_wagon
144.jpg,1,fire_engine
536.jpg,1,ambulance
811.jpg,1,trolleybus
1512.jpg,0,convertible
85.jpg,1,racer
1254.jpg,0,minivan
1830.jpg,0,beach_wagon
1793.jpg,0,beach_wagon
1593.jpg,0,pickup
1451.jpg,0,beach_wagon
484.jpg,1,ambulance
2096.jpg,0,limousine
2246.jpg,0,beach_wagon
1851.jpg,0,cab
1545.jpg,0,pickup
2315.jpg,0,ambulance
362.jpg,1,police_van
749.jpg,1,police_van
1556.jpg,0,convertible
1026.jpg,0,sports_car
1030.jpg,0,sports_car
1831.jpg,0,sports_car
1335.jpg,0,sports_car
1824.jpg,0,racer
1453.jpg,0,minivan
665.jpg,1,police_van
364.jpg,1,cab
2070.jpg,0,minivan
1239.jpg,0,convertible
77.jpg,1,fire_engine
27.jpg,1,minibus
1942.jpg,0,racer
525.jpg,1,police_van
725.jpg,1,moving_van
55.jpg,1,fire_engine
638.jpg,1,fire_engine
302.jpg,1,fire_engine
718.jpg,1,police_van
2347.jpg,0,sports_car
624.jpg,1,tow_truck
7.jpg,1,police_van
1280.jpg,0,limousine
803.jpg,1,fire_engine
1049.jpg,0,cab
336.jpg,1,ambulance
47.jpg,1,tow_truck
2000.jpg,0,convertible
106.jpg,1,fire_engine
349.jpg,1,ambulance
1079.jpg,0,sports_car
238.jpg,1,ambulance
213.jpg,1,police_van
1144.jpg,0,minivan
2072.jpg,0,convertible
1749.jpg,0,sports_car
793.jpg,1,moving_van
1096.jpg,0,racer
2025.jpg,0,beach_wagon
1892.jpg,0,pickup
2093.jpg,0,pickup
345.jpg,1,ambulance
523.jpg,1,beach_wagon
232.jpg,1,fire_engine
644.jpg,1,jeep
2034.jpg,0,minibus
1428.jpg,0,beach_wagon
533.jpg,1,jeep
2035.jpg,0,pickup
603.jpg,1,ambulance
1489.jpg,0,minivan
1874.jpg,0,pickup
1426.jpg,0,pickup
1074.jpg,0,jeep
1761.jpg,0,grille
60.jpg,1,fire_engine
1701.jpg,0,Model_T
92.jpg,1,police_van
666.jpg,1,police_van
2067.jpg,0,limousine
2116.jpg,0,jeep
280.jpg,1,police_van
2167.jpg,0,minivan
359.jpg,1,jeep
1867.jpg,0,jeep
1397.jpg,0,jeep
1576.jpg,0,pickup
847.jpg,1,fire_engine
1206.jpg,0,minivan
1857.jpg,0,pickup
110.jpg,1,police_van
42.jpg,1,police_van
125.jpg,1,police_van
204.jpg,1,limousine
1473.jpg,0,limousine
52.jpg,1,ambulance
545.jpg,1,beach_wagon
68.jpg,1,tow_truck
1533.jpg,0,convertible
2069.jpg,0,convertible
1672.jpg,0,minivan
1424.jpg,0,convertible
183.jpg,1,pickup
137.jpg,1,fire_engine
899.jpg,1,moving_van
796.jpg,1,police_van
132.jpg,1,fire_engine
80.jpg,1,fire_engine
2005.jpg,0,sports_car
758.jpg,1,police_van
541.jpg,1,fire_engine
1019.jpg,0,jeep
1541.jpg,0,convertible
983.jpg,1,crane
2142.jpg,0,minivan
165.jpg,1,beach_wagon
248.jpg,1,police_van
1331.jpg,0,pickup
446.jpg,1,jeep
1550.jpg,0,pickup
858.jpg,1,ambulance
1358.jpg,0,minivan
1629.jpg,0,minivan
97.jpg,1,police_van
1567.jpg,0,limousine
805.jpg,1,police_van
737.jpg,1,fire_engine
2004.jpg,0,pickup
1756.jpg,0,cab
102.jpg,1,beach_wagon
434.jpg,1,jeep
74.jpg,1,police_van
577.jpg,1,racer
1616.jpg,0,convertible
1692.jpg,0,convertible
1230.jpg,0,sports_car
918.jpg,1,police_van
1326.jpg,0,minivan
2179.jpg,0,convertible
2153.jpg,0,beach_wagon
2115.jpg,0,pickup
762.jpg,1,jeep
989.jpg,1,police_van
388.jpg,1,police_van
235.jpg,1,minivan
2032.jpg,0,sports_car
267.jpg,1,pickup
1329.jpg,0,beach_wagon
1599.jpg,0,racer
117.jpg,1,fire_engine
437.jpg,1,limousine
673.jpg,1,minivan
249.jpg,1,police_van
1961.jpg,0,sports_car
1574.jpg,0,minivan
2348.jpg,0,beach_wagon
94.jpg,1,fire_engine
1726.jpg,0,racer
33.jpg,1,ambulance
1996.jpg,0,racer
2151.jpg,0,sports_car
448.jpg,1,fire_engine
1469.jpg,0,beach_wagon
716.jpg,1,ambulance
1702.jpg,0,pickup
2326.jpg,0,convertible
0.jpg,1,police_van
1854.jpg,0,convertible
1101.jpg,0,convertible
1108.jpg,0,racer
2138.jpg,0,pickup
82.jpg,1,fire_engine
1481.jpg,0,solar_dish
1735.jpg,0,convertible
676.jpg,1,garbage_truck
1797.jpg,0,cab
1958.jpg,0,minivan
1046.jpg,0,convertible
1460.jpg,0,pickup
770.jpg,1,fire_engine
1633.jpg,0,minivan
1723.jpg,0,jeep
517.jpg,1,racer
2012.jpg,0,limousine
404.jpg,1,fire_engine
384.jpg,1,fire_engine
1748.jpg,0,racer
1804.jpg,0,convertible
104.jpg,1,fire_engine
2244.jpg,0,sports_car
688.jpg,1,police_van
1762.jpg,0,minivan
826.jpg,1,fire_engine
1240.jpg,0,beach_wagon
62.jpg,1,scoreboard
1305.jpg,0,limousine
852.jpg,1,police_van
1822.jpg,0,minivan
1262.jpg,0,sports_car
223.jpg,1,ambulance
145.jpg,1,fire_engine
1088.jpg,0,ambulance
373.jpg,1,jeep
2119.jpg,0,minivan
1142.jpg,0,limousine
2252.jpg,0,convertible
2018.jpg,0,cab
1274.jpg,0,beach_wagon
1265.jpg,0,limousine
2103.jpg,0,convertible
1709.jpg,0,pickup
9.jpg,1,fire_engine
449.jpg,1,fire_engine
708.jpg,1,ambulance
255.jpg,1,fire_engine
882.jpg,1,police_van
1617.jpg,0,minivan
389.jpg,1,ambulance
1771.jpg,0,pickup
2255.jpg,0,convertible
1581.jpg,0,beach_wagon
908.jpg,1,fire_engine
924.jpg,1,tow_truck
751.jpg,1,police_van
1654.jpg,0,cab
460.jpg,1,crane
1708.jpg,0,sports_car
1224.jpg,0,minivan
1168.jpg,0,beach_wagon
958.jpg,1,police_van
501.jpg,1,police_van
739.jpg,1,limousine
40.jpg,1,fire_engine
868.jpg,1,police_van
731.jpg,1,ambulance
539.jpg,1,fire_engine
1201.jpg,0,car_wheel
1339.jpg,0,pickup
697.jpg,1,ambulance
1878.jpg,0,sports_car
1856.jpg,0,sports_car
1371.jpg,0,limousine
1145.jpg,0,sports_car
1031.jpg,0,racer
372.jpg,1,tow_truck
667.jpg,1,police_van
1431.jpg,0,convertible
2055.jpg,0,convertible
357.jpg,1,pickup
967.jpg,1,fire_engine
783.jpg,1,jeep
735.jpg,1,cab
1353.jpg,0,convertible
1035.jpg,0,pickup
970.jpg,1,fire_engine
470.jpg,1,jeep
2009.jpg,0,minivan
2215.jpg,0,recreational_vehicle
2193.jpg,0,beach_wagon
1396.jpg,0,minivan
1536.jpg,0,racer
1741.jpg,0,cab
2053.jpg,0,pickup
1549.jpg,0,tow_truck
1328.jpg,0,convertible
1818.jpg,0,beach_wagon
2014.jpg,0,sports_car
1425.jpg,0,police_van
1464.jpg,0,minivan
1555.jpg,0,jeep
2239.jpg,0,minivan
1250.jpg,0,minivan
1252.jpg,0,pickup
2283.jpg,0,beach_wagon
2284.jpg,0,moving_van
1236.jpg,0,beach_wagon
885.jpg,1,moving_van
79.jpg,1,fire_engine
1172.jpg,0,racer
814.jpg,1,ambulance
1730.jpg,0,pickup
671.jpg,1,police_van
2058.jpg,0,sports_car
2064.jpg,0,cab
57.jpg,1,jeep
133.jpg,1,police_van
1140.jpg,0,minivan
933.jpg,1,police_van
928.jpg,1,police_van
823.jpg,1,police_van
1432.jpg,0,sports_car
1838.jpg,0,pickup
1531.jpg,0,sports_car
1214.jpg,0,grille
504.jpg,1,police_van
2323.jpg,0,minivan
347.jpg,1,minivan
386.jpg,1,fire_engine
1024.jpg,0,minivan
1384.jpg,0,limousine
894.jpg,1,ambulance
828.jpg,1,racer
2291.jpg,0,pickup
475.jpg,1,jeep
1683.jpg,0,convertible
1984.jpg,0,limousine
1978.jpg,0,racer
1954.jpg,0,beach_wagon
1882.jpg,0,racer
652.jpg,1,fire_engine
172.jpg,1,police_van
1474.jpg,0,beach_wagon
1149.jpg,0,minibus
38.jpg,1,racer
1554.jpg,0,minibus
713.jpg,1,moving_van
90.jpg,1,racer
166.jpg,1,jeep
1205.jpg,0,tow_truck
875.jpg,1,moving_van
2232.jpg,0,pickup
2157.jpg,0,minivan
2290.jpg,0,limousine
1093.jpg,0,beach_wagon
1155.jpg,0,convertible
1324.jpg,0,limousine
1834.jpg,0,convertible
1350.jpg,0,limousine
510.jpg,1,jeep
1680.jpg,0,pickup
499.jpg,1,cab
1826.jpg,0,sports_car
1388.jpg,0,minivan
1519.jpg,0,pickup
1671.jpg,0,grille
338.jpg,1,ambulance
2136.jpg,0,ambulance
1188.jpg,0,cab
28.jpg,1,pickup
1540.jpg,0,pickup
1217.jpg,0,beach_wagon
1932.jpg,0,limousine
794.jpg,1,police_van
945.jpg,1,police_van
1988.jpg,0,beach_wagon
169.jpg,1,police_van
1893.jpg,0,racer
1676.jpg,0,limousine
1197.jpg,0,sports_car
1542.jpg,0,racer
1253.jpg,0,racer
2131.jpg,0,minivan
912.jpg,1,fire_engine
491.jpg,1,police_van
953.jpg,1,trailer_truck
1097.jpg,0,minivan
1032.jpg,0,minivan
587.jpg,1,ambulance
750.jpg,1,fire_engine
657.jpg,1,tow_truck
234.jpg,1,jeep
732.jpg,1,police_van
2344.jpg,0,minivan
1186.jpg,0,pickup
1156.jpg,0,limousine
1983.jpg,0,pickup
1925.jpg,0,cab
2123.jpg,0,pickup
934.jpg,1,police_van
1209.jpg,0,half_track
1065.jpg,0,tow_truck
1716.jpg,0,limousine
108.jpg,1,fire_engine
1062.jpg,0,limousine
568.jpg,1,pickup
1167.jpg,0,minivan
1174.jpg,0,sports_car
1588.jpg,0,beach_wagon
1507.jpg,0,racer
1492.jpg,0,beach_wagon
890.jpg,1,fire_engine
947.jpg,1,cab
1048.jpg,0,convertible
1820.jpg,0,golfcart
1849.jpg,0,limousine
1953.jpg,0,pickup
884.jpg,1,fire_engine
143.jpg,1,fire_engine
2308.jpg,0,sports_car
2060.jpg,0,tow_truck
850.jpg,1,fire_engine
1587.jpg,0,sports_car
1407.jpg,0,drum
734.jpg,1,police_van
717.jpg,1,jeep
454.jpg,1,police_van
264.jpg,1,police_van
75.jpg,1,police_van
1256.jpg,0,convertible
444.jpg,1,tow_truck
395.jpg,1,ambulance
1938.jpg,0,sports_car
176.jpg,1,cab
1042.jpg,0,minivan
2197.jpg,0,limousine
1888.jpg,0,pickup
2222.jpg,0,sports_car
1929.jpg,0,police_van
595.jpg,1,cab
61.jpg,1,minivan
1296.jpg,0,beach_wagon
1821.jpg,0,minibus
872.jpg,1,beach_wagon
2013.jpg,0,convertible
216.jpg,1,cab
278.jpg,1,fire_engine
1548.jpg,0,sports_car
1718.jpg,0,minivan
1392.jpg,0,pickup
1803.jpg,0,beach_wagon
36.jpg,1,fire_engine
2191.jpg,0,minivan
2043.jpg,0,convertible
662.jpg,1,ambulance
2054.jpg,0,pickup
2240.jpg,0,sports_car
1951.jpg,0,pickup
977.jpg,1,police_van
1571.jpg,0,minivan
1122.jpg,0,limousine
1712.jpg,0,convertible
738.jpg,1,ambulance
191.jpg,1,cab
919.jpg,1,fire_engine
456.jpg,1,moving_van
1417.jpg,0,minivan
675.jpg,1,police_van
760.jpg,1,ambulance
2241.jpg,0,sports_car
2122.jpg,0,beach_wagon
728.jpg,1,minibus
2137.jpg,0,convertible
1399.jpg,0,sports_car
412.jpg,1,tow_truck
1098.jpg,0,beach_wagon
1516.jpg,0,sports_car
1649.jpg,0,minivan
1524.jpg,0,cab
825.jpg,1,fire_engine
2020.jpg,0,minivan
616.jpg,1,minivan
114.jpg,1,crane
417.jpg,1,fire_engine
2301.jpg,0,pickup
1625.jpg,0,pickup
969.jpg,1,jeep
604.jpg,1,fire_engine
2306.jpg,0,beach_wagon
89.jpg,1,limousine
848.jpg,1,jeep
726.jpg,1,recreational_vehicle
2305.jpg,0,convertible
753.jpg,1,minibus
498.jpg,1,cab
1276.jpg,0,beach_wagon
1325.jpg,0,convertible
1630.jpg,0,jeep
11.jpg,1,fire_engine
396.jpg,1,cab
284.jpg,1,racer
2297.jpg,0,beach_wagon
1066.jpg,0,minivan
1865.jpg,0,jeep
1191.jpg,0,limousine
1440.jpg,0,beach_wagon
1600.jpg,0,beach_wagon
1858.jpg,0,amphibian
2199.jpg,0,convertible
2198.jpg,0,convertible
1450.jpg,0,tow_truck
690.jpg,1,fire_engine
2127.jpg,0,minivan
1568.jpg,0,convertible
2281.jpg,0,convertible
2269.jpg,0,minibus
689.jpg,1,fire_engine
1687.jpg,0,minivan
851.jpg,1,ambulance
1498.jpg,0,minivan
159.jpg,1,fire_engine
895.jpg,1,racer
496.jpg,1,fire_engine
257.jpg,1,fire_engine
1782.jpg,0,minivan
335.jpg,1,limousine
2285.jpg,0,minivan
1039.jpg,0,pickup
515.jpg,1,ambulance
1348.jpg,0,pickup
1015.jpg,0,convertible
768.jpg,1,tow_truck
2205.jpg,0,sports_car
441.jpg,1,fire_engine
2003.jpg,0,racer
761.jpg,1,ambulance
1246.jpg,0,pickup
1203.jpg,0,minivan
1980.jpg,0,sports_car
1123.jpg,0,sports_car
1860.jpg,0,minivan
1781.jpg,0,beach_wagon
521.jpg,1,police_van
1785.jpg,0,grille
22.jpg,1,fire_engine
356.jpg,1,police_van
2238.jpg,0,pickup
1277.jpg,0,beach_wagon
1312.jpg,0,convertible
1635.jpg,0,beach_wagon
550.jpg,1,ambulance
340.jpg,1,police_van
431.jpg,1,ambulance
473.jpg,1,racer
217.jpg,1,fire_engine
911.jpg,1,fire_engine
1227.jpg,0,beach_wagon
2100.jpg,0,convertible
1011.jpg,0,police_van
957.jpg,1,fire_engine
1773.jpg,0,beach_wagon
93.jpg,1,ambulance
1008.jpg,0,minivan
1070.jpg,0,sports_car
1092.jpg,0,beach_wagon
2094.jpg,0,racer
1308.jpg,0,minivan
696.jpg,1,fire_engine
1109.jpg,0,beach_wagon
996.jpg,0,limousine
1458.jpg,0,pickup
1679.jpg,0,pickup
153.jpg,1,jeep
1099.jpg,0,convertible
246.jpg,1,fire_engine
2351.jpg,0,beach_wagon
789.jpg,1,garbage_truck
580.jpg,1,police_van
1470.jpg,0,minivan
703.jpg,1,snowplow
1212.jpg,0,beach_wagon
1295.jpg,0,beach_wagon
896.jpg,1,cab
1908.jpg,0,beach_wagon
1260.jpg,0,pickup
487.jpg,1,fire_engine
1624.jpg,0,sports_car
559.jpg,1,police_van
1141.jpg,0,beach_wagon
2190.jpg,0,tow_truck
1119.jpg,0,convertible
801.jpg,1,garbage_truck
1774.jpg,0,limousine
512.jpg,1,fire_engine
633.jpg,1,recreational_vehicle
1997.jpg,0,limousine
1664.jpg,0,pickup
1012.jpg,0,convertible
1931.jpg,0,pickup
1416.jpg,0,limousine
1150.jpg,0,minivan
790.jpg,1,seashore
2202.jpg,0,beach_wagon
116.jpg,1,fire_engine
1497.jpg,0,beach_wagon
740.jpg,1,ambulance
2346.jpg,0,minivan
1974.jpg,0,convertible
1081.jpg,0,convertible
1627.jpg,0,car_wheel
1810.jpg,0,tow_truck
830.jpg,1,fire_engine
119.jpg,1,mobile_home
656.jpg,1,car_wheel
2145.jpg,0,sports_car
2109.jpg,0,minivan
2330.jpg,0,pickup
635.jpg,1,fire_engine
369.jpg,1,cab
268.jpg,1,police_van
655.jpg,1,ambulance
2164.jpg,0,minivan
935.jpg,1,fire_engine
822.jpg,1,trolleybus
866.jpg,1,fire_engine
46.jpg,1,cab
1373.jpg,0,racer
883.jpg,1,police_van
991.jpg,0,convertible
876.jpg,1,cab
773.jpg,1,police_van
1219.jpg,0,convertible
1126.jpg,0,racer
4.jpg,1,police_van
2228.jpg,0,pickup
1003.jpg,0,cab
1595.jpg,0,limousine
2188.jpg,0,beach_wagon
263.jpg,1,moving_van
2086.jpg,0,beach_wagon
612.jpg,1,garbage_truck
443.jpg,1,fire_engine
1002.jpg,0,pickup
1077.jpg,0,tank
2334.jpg,0,limousine
837.jpg,1,cab
681.jpg,1,fire_engine
1715.jpg,0,limousine
304.jpg,1,cab
1365.jpg,0,limousine
2076.jpg,0,half_track
313.jpg,1,limousine
149.jpg,1,cab
1148.jpg,0,sports_car
1213.jpg,0,beach_wagon
574.jpg,1,police_van
1721.jpg,0,limousine
1688.jpg,0,minivan
50.jpg,1,fire_engine
853.jpg,1,limousine
1982.jpg,0,crash_helmet
1823.jpg,0,convertible
833.jpg,1,fire_engine
1115.jpg,0,sports_car
1166.jpg,0,minivan
1906.jpg,0,beach_wagon
971.jpg,1,police_van
399.jpg,1,fire_engine
19.jpg,1,fire_engine
684.jpg,1,ambulance
35.jpg,1,ambulance
2223.jpg,0,beach_wagon
524.jpg,1,police_van
920.jpg,1,tow_truck
1841.jpg,0,convertible
1890.jpg,0,limousine
537.jpg,1,jeep
1705.jpg,0,limousine
2299.jpg,0,convertible
245.jpg,1,garbage_truck
784.jpg,1,ambulance
1409.jpg,0,beach_wagon
154.jpg,1,passenger_car
1686.jpg,0,limousine
625.jpg,1,fire_engine
2256.jpg,0,sports_car
1346.jpg,0,minivan
569.jpg,1,jeep
1758.jpg,0,sports_car
1816.jpg,0,pickup
2065.jpg,0,beach_wagon
127.jpg,1,police_van
2333.jpg,0,pickup
2006.jpg,0,pickup
980.jpg,1,police_van
190.jpg,1,police_van
1139.jpg,0,pickup
992.jpg,0,minivan
699.jpg,1,ambulance
606.jpg,1,cab
180.jpg,1,police_van
301.jpg,1,police_van
1060.jpg,0,convertible
2216.jpg,0,sports_car
1069.jpg,0,convertible
1243.jpg,0,drum
16.jpg,1,fire_engine
2336.jpg,0,beach_wagon
546.jpg,1,police_van
658.jpg,1,cab
2121.jpg,0,convertible
2148.jpg,0,minivan
1504.jpg,0,limousine
959.jpg,1,cab
797.jpg,1,beach_wagon
225.jpg,1,streetcar
2074.jpg,0,limousine
1799.jpg,0,sports_car
2322.jpg,0,car_wheel
2085.jpg,0,pickup
1693.jpg,0,minivan
1045.jpg,0,convertible
469.jpg,1,cab
954.jpg,1,police_van
2332.jpg,0,pickup
639.jpg,1,ambulance
2180.jpg,0,sports_car
1218.jpg,0,velvet
1158.jpg,0,pickup
1415.jpg,0,beach_wagon
2130.jpg,0,convertible
1527.jpg,0,minivan
2292.jpg,0,beach_wagon
1300.jpg,0,pickup
2250.jpg,0,minivan
1603.jpg,0,minivan
160.jpg,1,fire_engine
1704.jpg,0,sports_car
956.jpg,1,ambulance
2288.jpg,0,minivan
877.jpg,1,ambulance
1919.jpg,0,racer
1884.jpg,0,sports_car
98.jpg,1,ambulance
2221.jpg,0,limousine
253.jpg,1,fire_engine
103.jpg,1,fire_engine
1445.jpg,0,beach_wagon
1443.jpg,0,sports_car
1648.jpg,0,minivan
586.jpg,1,moving_van
627.jpg,1,sports_car
1696.jpg,0,minivan
2101.jpg,0,beach_wagon
403.jpg,1,police_van
1154.jpg,0,jeep
1682.jpg,0,minivan
2056.jpg,0,beach_wagon
2234.jpg,0,beach_wagon
452.jpg,1,police_van
1327.jpg,0,pickup
2049.jpg,0,beach_wagon
880.jpg,1,ambulance
2289.jpg,0,pickup
623.jpg,1,police_van
1787.jpg,0,cab
262.jpg,1,police_van
1634.jpg,0,convertible
1438.jpg,0,jeep
1969.jpg,0,convertible
1802.jpg,0,racer
640.jpg,1,police_van
2224.jpg,0,minivan
1959.jpg,0,sports_car
488.jpg,1,police_van
1843.jpg,0,minivan
1734.jpg,0,beach_wagon
146.jpg,1,ambulance
1534.jpg,0,sports_car
1986.jpg,0,minivan
1369.jpg,0,sports_car
2303.jpg,0,limousine
659.jpg,1,racer
1794.jpg,0,convertible
186.jpg,1,fire_engine
1147.jpg,0,pickup
608.jpg,1,racer
1930.jpg,0,pickup
197.jpg,1,police_van
293.jpg,1,fire_engine
766.jpg,1,fire_engine
400.jpg,1,racer
122.jpg,1,fire_engine
202.jpg,1,racer
835.jpg,1,racer
1439.jpg,0,minivan
1733.jpg,0,pickup
1695.jpg,0,sports_car
1707.jpg,0,pickup
2286.jpg,0,beach_wagon
1153.jpg,0,beach_wagon
1661.jpg,0,convertible
1759.jpg,0,car_wheel
854.jpg,1,police_van
1589.jpg,0,sports_car
641.jpg,1,limousine
1.jpg,1,police_van
2160.jpg,0,pickup
698.jpg,1,fire_engine
1636.jpg,0,pickup
1291.jpg,0,limousine
2242.jpg,0,convertible
1520.jpg,0,beach_wagon
1853.jpg,0,beach_wagon
1136.jpg,0,beach_wagon
2273.jpg,0,convertible
1631.jpg,0,cab
1998.jpg,0,limousine
663.jpg,1,police_van
683.jpg,1,dock
1257.jpg,0,beach_wagon
317.jpg,1,police_van
648.jpg,1,snowplow
1434.jpg,0,pickup
1479.jpg,0,pickup
709.jpg,1,beach_wagon
1282.jpg,0,racer
1768.jpg,0,minivan
972.jpg,1,fire_engine
1306.jpg,0,minivan
1400.jpg,0,car_wheel
1408.jpg,0,beach_wagon
1496.jpg,0,cab
2038.jpg,0,beach_wagon
1529.jpg,0,minivan
1663.jpg,0,beach_wagon
1354.jpg,0,car_wheel
2294.jpg,0,sports_car
2310.jpg,0,convertible
1643.jpg,0,pickup
1051.jpg,0,Model_T
795.jpg,1,tow_truck
1597.jpg,0,jeep
1819.jpg,0,cab
1722.jpg,0,convertible
1183.jpg,0,minivan
1059.jpg,0,beach_wagon
540.jpg,1,beach_wagon
1678.jpg,0,pickup
1757.jpg,0,racer
1923.jpg,0,pickup
95.jpg,1,police_van
1020.jpg,0,minivan
563.jpg,1,fire_engine
863.jpg,1,tow_truck
1484.jpg,0,limousine
1881.jpg,0,pickup
1038.jpg,0,limousine
206.jpg,1,fire_engine
392.jpg,1,fire_engine
870.jpg,1,police_van
397.jpg,1,fire_engine
2260.jpg,0,beach_wagon
1028.jpg,0,beach_wagon
1485.jpg,0,ambulance
960.jpg,1,ambulance
1570.jpg,0,convertible
1895.jpg,0,jeep
2146.jpg,0,sports_car
804.jpg,1,ambulance
1751.jpg,0,minivan
502.jpg,1,cab
779.jpg,1,fire_engine
1863.jpg,0,limousine
200.jpg,1,ambulance
2182.jpg,0,sports_car
2088.jpg,0,ambulance
1796.jpg,0,ambulance
378.jpg,1,tow_truck
418.jpg,1,fire_engine
1698.jpg,0,beach_wagon
391.jpg,1,racer
1522.jpg,0,beach_wagon
1162.jpg,0,beach_wagon
1495.jpg,0,convertible
2027.jpg,0,convertible
1152.jpg,0,trailer_truck
1367.jpg,0,pickup
64.jpg,1,ambulance
2062.jpg,0,limousine
1180.jpg,0,limousine
492.jpg,1,police_van
379.jpg,1,jeep
2235.jpg,0,convertible
763.jpg,1,fire_engine
2264.jpg,0,beach_wagon
791.jpg,1,ambulance
1076.jpg,0,convertible
878.jpg,1,police_van
337.jpg,1,crash_helmet
1016.jpg,0,pickup
1275.jpg,0,sports_car
455.jpg,1,fire_engine
815.jpg,1,limousine
995.jpg,0,drum
1981.jpg,0,convertible
201.jpg,1,cab
161.jpg,1,tow_truck
1579.jpg,0,limousine
702.jpg,1,limousine
1500.jpg,0,minivan
1129.jpg,0,limousine
1021.jpg,0,sports_car
1585.jpg,0,limousine
1955.jpg,0,beach_wagon
2253.jpg,0,sports_car
34.jpg,1,jeep
775.jpg,1,fire_engine
1478.jpg,0,beach_wagon
1390.jpg,0,limousine
2139.jpg,0,convertible
1363.jpg,0,jeep
2041.jpg,0,beach_wagon
241.jpg,1,ambulance
2061.jpg,0,sports_car
600.jpg,1,fire_engine
1297.jpg,0,minivan
2214.jpg,0,beach_wagon
2068.jpg,0,convertible
646.jpg,1,police_van
1528.jpg,0,jeep
1267.jpg,0,pickup
1899.jpg,0,beach_wagon
562.jpg,1,cab
189.jpg,1,ambulance
1806.jpg,0,pickup
975.jpg,1,tow_truck
2047.jpg,0,police_van
1082.jpg,0,minivan
474.jpg,1,jeep
747.jpg,1,ambulance
2300.jpg,0,convertible
21.jpg,1,fire_engine
459.jpg,1,recreational_vehicle
1184.jpg,0,racer
2324.jpg,0,sports_car
955.jpg,1,fire_engine
1215.jpg,0,sports_car
1515.jpg,0,minivan
769.jpg,1,police_van
1685.jpg,0,minivan
130.jpg,1,fire_engine
2135.jpg,0,pickup
1482.jpg,0,racer
330.jpg,1,police_van
1238.jpg,0,racer
466.jpg,1,ambulance
2169.jpg,0,beach_wagon
1638.jpg,0,convertible
1095.jpg,0,tow_truck
1130.jpg,0,sports_car
1294.jpg,0,sports_car
860.jpg,1,ambulance
